{"cameraMode":{"drawMode":0,"name":"Shaded","section":"Shading Mode"},"sceneLighting":false,"audioPlay":false,"sceneViewState":{"m_AlwaysRefresh":false,"showFog":true,"showSkybox":false,"showFlares":true,"showImageEffects":true,"showParticleSystems":true,"showVisualEffectGraphs":true,"m_FxEnabled":true},"in2DMode":false,"pivot":{"x":0.00000959634780883789,"y":0.84315425157547,"z":0.014843106269836426},"rotation":{"x":0.011903791688382626,"y":-0.9701561331748962,"z":0.23742224276065827,"w":0.0486215204000473},"size":1.3501298427581788,"orthographic":false}